prediction,labels,my_labels
Wake,Wake,Wake
Wake,Wake,Wake
Wake,Wake,Wake
Wake,Wake,Wake
REM,N1,N1
REM,N1,N1
REM,N2,N2
N2,N2,N2
N2,N2,N2
N2,N2,N2
N2,N2,N2
N2,N2,N2
N2,N2,N2
N2,N2,N2
N2,N2,N2
N2,N2,N2
N2,N2,N2
N2,N2,N2
N2,N2,N2
N2,N2,N2
N2,N2,N2
N2,N2,N2
N2,N2,N2
N2,N2,N2
N2,N2,N2
N2,N2,N2
N2,N2,N2
N2,N2,N2
N2,N2,N2
N2,N2,N2
N2,N2,N2
N2,N2,N2
N2,N2,N2
N2,N2,N2
N2,N2,N2
N2,N2,N2
N2,N2,N2
N3,N2,N2
N2,N2,N2
N3,N3,N3
N2,N3,N3
N2,N3,N3
N3,N3,N3
N3,N3,N3
N3,N3,N3
N2,N3,N3
N3,N3,N3
N2,N3,N3
N3,N3,N3
N3,N3,N3
N3,N3,N3
N3,N3,N3
N2,N3,N3
N3,N3,N3
N2,N2,N2
N2,N2,N2
N2,N2,N2
N2,N2,N2
N2,N2,N2
N3,N2,N2
N2,N2,N2
N3,N2,N2
N3,N3,N3
N3,N3,N3
N3,N3,N3
N3,N3,N3
N3,N3,N3
N3,N3,N3
N2,N3,N3
N3,N3,N3
N3,N3,N3
N3,N3,N3
N3,N3,N3
N3,N3,N3
N3,N3,N3
N3,N3,N3
N3,N3,N3
N3,N3,N3
N3,N3,N3
N3,N3,N3
N3,N3,N3
N2,N3,N3
N3,N3,N3
N2,N3,N3
N3,N3,N3
N3,N3,N3
N3,N3,N3
N3,N3,N3
N3,N3,N3
N3,N3,N3
N3,N3,N3
N3,N3,N3
N3,N3,N3
N3,N3,N3
N3,N3,N3
N3,N3,N3
N3,N3,N3
N3,N3,N3
N3,N3,N3
N2,N3,N3
N3,N3,N3
N3,N3,N3
N3,N3,N3
N2,N3,N3
N3,N3,N3
N3,N3,N3
N3,N3,N3
N3,N3,N3
N3,N3,N3
N3,N3,N3
N3,N3,N3
N2,N3,N3
N3,N3,N3
N3,N3,N3
N2,N3,N3
N3,N3,N3
N3,N3,N3
N3,N3,N3
N3,N3,N3
N3,N3,N3
N3,N3,N3
N3,N3,N3
N3,N3,N3
N3,N3,N3
N2,N3,N3
N3,N3,N3
N3,N3,N3
N3,N3,N3
N3,N3,N3
N3,N3,N3
N3,N3,N3
N3,N3,N3
N3,N3,N3
N3,N3,N3
N3,N3,N3
N3,N3,N3
N2,N3,N3
N3,N3,N3
N3,N3,N3
N3,N3,N3
N3,N3,N3
N3,N3,N3
N3,N3,N3
N2,N3,N3
N3,N3,N3
N3,N3,N3
N3,N3,N3
N3,N3,N3
N3,N3,N3
N2,N2,N2
N2,N2,N2
N2,N2,N2
N2,N2,N2
N2,N2,N2
N2,N2,N2
N2,N2,N2
Wake,Wake,Wake
Wake,Wake,Wake
Wake,Wake,Wake
N2,N1,N1
REM,Wake,Wake
N2,N2,N2
N2,N2,N2
N2,N2,N2
N2,N1,N1
N2,N2,N2
N2,N2,N2
N2,N2,N2
N2,N2,N2
N2,N2,N2
N2,N2,N2
N2,N1,N1
N2,N2,N2
N2,N2,N2
N2,N2,N2
N2,N2,N2
N2,N2,N2
N2,N1,N1
N2,N1,N1
N2,N2,N2
N2,N2,N2
N2,N2,N2
N2,N2,N2
N2,N2,N2
N2,N2,N2
N2,N2,N2
N2,N2,N2
N2,N2,N2
N2,N1,N1
N2,N2,N2
N2,N2,N2
N2,N2,N2
N2,N2,N2
N2,N2,N2
N2,N2,N2
N2,N2,N2
N2,N2,N2
N2,N2,N2
N2,N2,N2
N2,N2,N2
N2,N2,N2
N2,N2,N2
N2,N2,N2
N2,N2,N2
N2,N1,N1
N2,N2,N2
N2,N2,N2
N2,N2,N2
N2,N2,N2
N2,N2,N2
N2,N2,N2
N2,N2,N2
N2,N2,N2
N2,N2,N2
N2,N2,N2
N2,N2,N2
N2,N2,N2
N2,N2,N2
N2,N2,N2
N2,N2,N2
N2,N2,N2
N2,N2,N2
N2,N2,N2
N2,N2,N2
N2,N2,N2
N2,N2,N2
N2,N2,N2
N2,N2,N2
N2,N2,N2
N2,N2,N2
N2,N2,N2
N2,N2,N2
N2,N2,N2
N2,N2,N2
N2,N2,N2
N2,N2,N2
N2,N2,N2
N2,N3,N3
N2,N2,N2
N2,N2,N2
N2,N2,N2
N2,N2,N2
N2,N2,N2
N2,N2,N2
N3,N2,N2
N2,N2,N2
N2,N2,N2
N3,N2,N2
N2,N2,N2
N2,N3,N3
N2,N3,N3
N2,N3,N3
N3,N3,N3
N2,N2,N2
N3,N2,N2
N2,N2,N2
N2,N3,N3
N3,N3,N3
N3,N3,N3
N2,N3,N3
N3,N3,N3
N3,N3,N3
N2,N2,N2
N2,N2,N2
N2,N3,N3
N2,N3,N3
N2,N2,N2
N2,N2,N2
N2,N2,N2
N2,N2,N2
N2,N2,N2
N2,N2,N2
N2,N2,N2
N2,N2,N2
N2,N1,N1
N2,N2,N2
N2,N2,N2
N2,N2,N2
N2,N2,N2
N2,N2,N2
N2,N2,N2
N2,N2,N2
N2,N2,N2
N2,N2,N2
N2,N2,N2
N2,N2,N2
N2,N2,N2
N2,N2,N2
N2,N2,N2
N2,N2,N2
N2,N2,N2
N2,N2,N2
N2,N2,N2
N2,N2,N2
N2,N2,N2
N2,N2,N2
N2,N2,N2
N2,N2,N2
N2,N2,N2
N2,N2,N2
N2,N2,N2
N2,N2,N2
N2,N2,N2
N2,N2,N2
N2,N2,N2
N2,N2,N2
N2,N2,N2
N2,N2,N2
N2,N2,N2
N2,N2,N2
N2,N2,N2
N2,N2,N2
N2,N2,N2
N2,N2,N2
N2,N2,N2
N2,N2,N2
N2,N2,N2
N2,N2,N2
N2,N2,N2
N2,N2,N2
N2,N2,N2
N2,N2,N2
N2,N2,N2
N2,N2,N2
N2,N2,N2
N2,N2,N2
N2,N2,N2
N2,N2,N2
N2,N2,N2
N2,N2,N2
N2,N2,N2
N2,N2,N2
N2,N2,N2
N2,N2,N2
N2,N2,N2
N2,N2,N2
N2,N2,N2
N2,N2,N2
N2,N2,N2
N2,N2,N2
N2,N2,N2
N2,N2,N2
N2,N2,N2
N2,N2,N2
N2,N1,N1
N2,REM,REM
N2,REM,REM
REM,REM,REM
REM,REM,REM
REM,REM,REM
REM,REM,REM
N2,REM,REM
REM,REM,REM
REM,REM,REM
N2,REM,REM
REM,REM,REM
N2,REM,REM
REM,REM,REM
REM,REM,REM
REM,REM,REM
REM,REM,REM
REM,REM,REM
N2,REM,REM
N2,N2,N2
N2,N2,N2
N2,N2,N2
N2,N2,N2
N2,N2,N2
N2,N2,N2
N2,N2,N2
N2,N2,N2
N2,N2,N2
N2,N2,N2
N2,N2,N2
N2,N2,N2
N2,N2,N2
N2,N2,N2
N2,N2,N2
N2,N2,N2
N2,N2,N2
N2,N2,N2
N2,N2,N2
N2,N2,N2
N2,N2,N2
N2,N2,N2
N2,N2,N2
N2,N2,N2
N2,N2,N2
N2,N2,N2
N2,N2,N2
N2,N2,N2
N2,N2,N2
N2,N2,N2
N2,N2,N2
N2,N2,N2
N2,N2,N2
N3,N2,N2
N2,N2,N2
N3,N3,N3
N2,N3,N3
N2,N2,N2
N3,N3,N3
N2,N3,N3
N2,N2,N2
N3,N3,N3
N3,N3,N3
N3,N3,N3
N3,N3,N3
N3,N3,N3
N2,Wake,Wake
N2,N1,N1
N2,N2,N2
N2,N2,N2
N2,N2,N2
N2,N2,N2
N2,N2,N2
N2,N2,N2
N2,N2,N2
N2,N2,N2
N2,N2,N2
N2,N2,N2
N2,N2,N2
N2,N2,N2
N2,N2,N2
N2,N2,N2
N2,N2,N2
N2,N2,N2
N2,N2,N2
N2,N2,N2
N2,N2,N2
N2,N2,N2
N2,N2,N2
N2,N2,N2
N2,N3,N3
N2,N3,N3
N2,N2,N2
N2,N2,N2
N2,N2,N2
N2,N2,N2
N2,N2,N2
N2,N2,N2
N2,N2,N2
N2,N2,N2
N2,N2,N2
N2,N2,N2
N2,N2,N2
N2,N2,N2
N2,N2,N2
N2,N2,N2
N2,N2,N2
N2,N2,N2
N2,N2,N2
N2,N2,N2
N2,N2,N2
N2,N2,N2
N2,N2,N2
N2,N2,N2
N2,N2,N2
N2,N2,N2
N2,N2,N2
N2,N2,N2
N2,N2,N2
N2,N2,N2
N2,N2,N2
N2,N2,N2
N2,N2,N2
N2,N2,N2
N2,N2,N2
N2,N2,N2
N2,N2,N2
N2,N2,N2
N2,N2,N2
N2,N2,N2
N2,N2,N2
N2,N2,N2
N2,N2,N2
N2,N2,N2
N2,N2,N2
N2,N2,N2
N2,N2,N2
N2,N2,N2
N2,N2,N2
N2,N2,N2
N2,N2,N2
N2,N2,N2
N2,N2,N2
N2,N2,N2
N2,N2,N2
N3,N2,N2
N2,N2,N2
N3,N2,N2
N3,N3,N3
N3,N3,N3
N2,N2,N2
N2,N2,N2
N3,N3,N3
N3,N3,N3
N2,N3,N3
N2,Wake,Wake
N2,N2,N2
N2,N2,N2
N2,N2,N2
N2,N2,N2
N2,N2,N2
N2,N2,N2
N2,N2,N2
N2,N2,N2
N2,N2,N2
N2,N2,N2
N2,N2,N2
N2,N2,N2
N2,N2,N2
REM,N2,N2
N2,N2,N2
N2,N2,N2
N2,N2,N2
N2,N2,N2
N2,N2,N2
N2,REM,REM
N2,N2,N2
N2,N2,N2
N2,N1,N1
N2,N2,N2
N2,N1,N1
N2,N2,N2
N2,N2,N2
N2,N2,N2
REM,REM,REM
REM,REM,REM
REM,REM,REM
REM,REM,REM
REM,REM,REM
REM,REM,REM
REM,REM,REM
REM,REM,REM
REM,REM,REM
REM,REM,REM
REM,REM,REM
REM,REM,REM
REM,REM,REM
REM,REM,REM
REM,REM,REM
REM,REM,REM
REM,REM,REM
REM,REM,REM
REM,REM,REM
REM,REM,REM
REM,REM,REM
REM,REM,REM
REM,REM,REM
REM,REM,REM
REM,REM,REM
REM,Wake,Wake
REM,REM,REM
REM,REM,REM
REM,REM,REM
REM,REM,REM
REM,REM,REM
REM,REM,REM
REM,REM,REM
REM,REM,REM
REM,REM,REM
REM,REM,REM
REM,REM,REM
REM,REM,REM
REM,REM,REM
REM,REM,REM
REM,REM,REM
REM,REM,REM
N2,N1,N1
N2,N2,N2
N2,N2,N2
N2,N2,N2
N2,N2,N2
N2,N2,N2
N2,N2,N2
N2,N2,N2
N2,N2,N2
N2,Wake,Wake
N2,N1,N1
N2,N2,N2
N2,N2,N2
N2,N2,N2
N2,N2,N2
N2,N2,N2
N2,N2,N2
N2,N2,N2
N2,N2,N2
N2,N2,N2
N2,N2,N2
N2,N2,N2
N2,N2,N2
N2,N2,N2
N2,N2,N2
N2,N2,N2
N2,N2,N2
N2,N2,N2
N2,N2,N2
N2,N2,N2
N2,N2,N2
N2,N2,N2
N2,N2,N2
N2,N2,N2
N2,N2,N2
N2,N2,N2
N2,N2,N2
N2,N2,N2
N2,N2,N2
N2,N2,N2
N2,N2,N2
N2,N2,N2
N2,N2,N2
N2,N2,N2
N2,N2,N2
N2,N2,N2
N2,N2,N2
N2,N2,N2
N2,N2,N2
N2,N2,N2
N2,N2,N2
N2,N3,N3
N2,N2,N2
N2,N2,N2
N3,N3,N3
N3,N2,N2
N2,N2,N2
N2,N2,N2
N3,N3,N3
N2,N2,N2
N2,N2,N2
N3,N3,N3
N2,N2,N2
N2,N2,N2
N2,Wake,Wake
N2,N2,N2
N2,N2,N2
N2,N2,N2
N2,N2,N2
N2,N2,N2
N2,N2,N2
N2,N2,N2
N2,N2,N2
N2,Wake,Wake
N2,N2,N2
N2,N2,N2
N2,N2,N2
N2,N2,N2
N2,N2,N2
N2,N2,N2
N2,N2,N2
N2,N2,N2
N2,N2,N2
N2,N2,N2
N2,N2,N2
N2,N2,N2
N2,N2,N2
N2,N2,N2
N2,N2,N2
N2,N2,N2
N2,N2,N2
N2,N2,N2
N2,N2,N2
N2,N1,N1
N2,N2,N2
N2,N2,N2
N2,N2,N2
N2,N2,N2
N2,N2,N2
N2,N2,N2
N2,N2,N2
N2,N2,N2
N2,N2,N2
N2,N2,N2
N2,N2,N2
N2,N2,N2
N2,N2,N2
N2,N2,N2
N2,N2,N2
N2,N2,N2
N2,N2,N2
N2,N2,N2
N2,N2,N2
N2,N2,N2
N2,N2,N2
N2,N2,N2
N2,N2,N2
N2,N2,N2
N2,N2,N2
N2,N2,N2
N2,N2,N2
N2,N2,N2
N2,N2,N2
N2,N2,N2
N2,N2,N2
N2,N2,N2
N2,N2,N2
N2,Wake,Wake
N2,N2,N2
N2,N2,N2
N2,N2,N2
N2,N2,N2
N2,N2,N2
N2,N2,N2
N2,N2,N2
N2,N2,N2
N2,N2,N2
N2,N2,N2
N2,N2,N2
N2,N2,N2
N2,N2,N2
N2,N2,N2
N2,N2,N2
N2,N2,N2
N2,N2,N2
N2,N2,N2
N2,N2,N2
N2,N2,N2
N2,REM,REM
N2,REM,REM
N2,REM,REM
REM,REM,REM
REM,REM,REM
REM,REM,REM
N2,REM,REM
REM,REM,REM
REM,REM,REM
REM,REM,REM
REM,REM,REM
REM,REM,REM
REM,REM,REM
REM,REM,REM
REM,REM,REM
N2,REM,REM
REM,REM,REM
Wake,REM,REM
REM,REM,REM
REM,REM,REM
N2,REM,REM
REM,REM,REM
REM,REM,REM
REM,REM,REM
REM,REM,REM
REM,REM,REM
REM,REM,REM
REM,REM,REM
REM,REM,REM
REM,REM,REM
REM,REM,REM
REM,REM,REM
REM,REM,REM
REM,REM,REM
REM,REM,REM
REM,REM,REM
REM,REM,REM
N2,REM,REM
REM,REM,REM
REM,REM,REM
REM,REM,REM
REM,REM,REM
N2,REM,REM
REM,REM,REM
REM,REM,REM
N2,REM,REM
N2,REM,REM
N2,N2,N2
N2,N2,N2
REM,N2,N2
N2,N2,N2
N2,N2,N2
N2,N2,N2
N2,N2,N2
N2,N2,N2
N2,N2,N2
N2,N2,N2
N2,N2,N2
REM,N1,N1
N2,N2,N2
N2,N2,N2
N2,N2,N2
N2,N2,N2
N2,N2,N2
N2,N2,N2
N2,N2,N2
N2,N2,N2
N2,N2,N2
N2,N2,N2
N2,N2,N2
N2,N2,N2
N2,N2,N2
N2,N2,N2
N2,N2,N2
N2,N2,N2
N2,N2,N2
N2,N2,N2
N2,N2,N2
N2,N2,N2
N2,N2,N2
N2,N2,N2
N2,N2,N2
N2,N2,N2
N2,N2,N2
N2,N2,N2
N2,N2,N2
N2,N2,N2
N2,N2,N2
N2,N2,N2
N2,N2,N2
N2,N2,N2
N2,N2,N2
N2,N2,N2
N2,N2,N2
N2,N2,N2
N2,N2,N2
N2,N2,N2
N2,N2,N2
N2,N2,N2
N2,N2,N2
N2,N2,N2
N2,N2,N2
N2,N2,N2
N3,N2,N2
N2,N2,N2
N2,N2,N2
N2,N2,N2
N3,N2,N2
N2,N2,N2
N2,N2,N2
N3,N3,N3
N2,N2,N2
N2,N2,N2
N2,N2,N2
N3,N3,N3
N2,N2,N2
N2,N2,N2
N3,N2,N2
N2,N2,N2
N3,N2,N2
N3,N3,N3
N3,N3,N3
N3,N2,N2
N3,N2,N2
N2,N2,N2
N3,N3,N3
N2,N2,N2
N3,N2,N2
N3,N3,N3
N3,N2,N2
N2,N2,N2
N2,N2,N2
N2,N2,N2
N2,N2,N2
N3,N2,N2
N2,N2,N2
N2,N2,N2
N3,N2,N2
N2,N2,N2
N2,N2,N2
N2,N2,N2
N2,N2,N2
N2,N2,N2
N2,N2,N2
N2,N2,N2
N2,N2,N2
N2,N2,N2
N2,N2,N2
N2,N2,N2
N2,N2,N2
N2,N2,N2
N2,N1,N1
N2,N2,N2
N2,N2,N2
N2,N2,N2
N2,N2,N2
REM,REM,REM
REM,REM,REM
REM,REM,REM
REM,REM,REM
REM,REM,REM
N2,REM,REM
REM,REM,REM
REM,REM,REM
REM,REM,REM
REM,REM,REM
REM,REM,REM
REM,REM,REM
REM,REM,REM
REM,REM,REM
REM,REM,REM
REM,REM,REM
REM,REM,REM
REM,REM,REM
REM,REM,REM
REM,REM,REM
REM,REM,REM
REM,REM,REM
Wake,REM,REM
REM,REM,REM
REM,REM,REM
REM,REM,REM
Wake,REM,REM
REM,REM,REM
REM,REM,REM
Wake,REM,REM
REM,REM,REM
N2,REM,REM
N2,REM,REM
REM,REM,REM
REM,REM,REM
REM,REM,REM
N2,REM,REM
REM,REM,REM
REM,REM,REM
N2,N2,N2
REM,N2,N2
REM,N2,N2
REM,REM,REM
REM,N1,N1
REM,N1,N1
REM,REM,REM
REM,REM,REM
REM,REM,REM
REM,REM,REM
REM,REM,REM
REM,REM,REM
REM,REM,REM
REM,REM,REM
REM,REM,REM
REM,REM,REM
REM,REM,REM
REM,REM,REM
REM,REM,REM
REM,REM,REM
REM,REM,REM
REM,REM,REM
N2,REM,REM
N2,N2,N2
REM,N2,N2
REM,REM,REM
REM,REM,REM
REM,REM,REM
REM,REM,REM
REM,REM,REM
REM,REM,REM
N2,REM,REM
REM,REM,REM
N2,N2,N2
N2,N2,N2
N2,N2,N2
Wake,Wake,Wake
REM,Wake,Wake
REM,Wake,Wake
Wake,Wake,Wake
N2,Wake,Wake
REM,Wake,Wake
